{"BD": 7.169584245076585, "BE": 6.505292259083837, "BF": 7.285416666666667, "BG": 6.457128277594608, "BA": 6.27279151943464, "BB": 7.9, "WF": 0, "BM": 6.7, "BN": 8.2, "BO": 6.8072164948453615, "BH": 6.9111111111111105, "BI": 0, "BJ": 7.216666666666666, "BT": 7.1499999999999995, "JM": 6.635294117647062, "BV": 0, "BW": 0, "WS": 0, "BR": 6.267433594180483, "BS": 6.508333333333333, "JE": 0, "BY": 5.972972972972972, "BZ": 5.1, "RU": 6.2988816452005745, "RW": 7.685714285714286, "RS": 6.5000546149644665, "TL": 0, "RE": 0, "TM": 7.633333333333333, "CSXX": 6.8125, "TJ": 6.364285714285715, "RO": 6.521351628622697, "TK": 0, "GW": 0, "GU": 7.3, "GT": 6.397142857142858, "GS": 0, "GR": 6.313842051603877, "GQ": 6.0, "GP": 7.05, "JP": 6.473328220858937, "GY": 6.8999999999999995, "GG": 0, "GF": 0, "GE": 7.192261904761911, "GD": 0, "GB": 6.2817652655733855, "GA": 6.627272727272726, "GN": 0, "GM": 8.2, "GL": 6.133333333333333, "GI": 0, "GH": 6.994444444444444, "OM": 8.333333333333334, "TN": 7.035294117647055, "SUHH": 6.670551108374309, "DDDE": 6.6863289382373425, "JO": 6.945, "HR": 6.765917129863636, "HT": 7.1, "HU": 6.434135432837997, "HK": 6.0260213595524545, "HN": 6.995238095238095, "HM": 0, "VE": 6.493306224585523, "PR": 6.360975609756098, "PS": 7.257999999999997, "PW": 0, "PT": 6.373724370011017, "KN": 0, "AF": 7.300000000000002, "IQ": 6.529545454545455, "PA": 7.2232804232804355, "PF": 0, "PG": 7.550000000000001, "PE": 6.395127610208789, "PK": 5.629005524861882, "PH": 6.362946273830157, "PN": 0, "PL": 6.506900647534232, "PM": 0, "ZM": 5.400000000000001, "EH": 0, "EE": 6.742731277533019, "EG": 5.774557657107996, "ZA": 6.459304932735433, "EC": 7.686842105263163, "IT": 6.248048505530002, "VN": 6.901155115511538, "SB": 0, "ET": 7.070000000000002, "SO": 8.2, "ZW": 6.654545454545453, "YUCS": 6.39111111111111, "SA": 7.007692307692309, "ES": 6.245546875000327, "ER": 5.6000000000000005, "ME": 6.842857142857145, "MD": 7.088461538461543, "MG": 8.049999999999999, "MA": 6.648818897637798, "MC": 5.875000000000001, "UZ": 6.496226415094339, "MM": 7.5600000000000005, "ML": 6.595652173913044, "MO": 8.55, "MN": 7.772, "MH": 8.25, "MK": 7.135897435897436, "MU": 7.449999999999999, "MT": 5.835294117647058, "MW": 4.199999999999999, "MV": 7.3999999999999995, "MQ": 6.2, "MP": 0, "MS": 0, "MR": 0, "IM": 7.675, "UG": 7.672727272727272, "TZ": 7.6000000000000005, "MY": 6.244329896907215, "MX": 6.351873981531704, "IL": 6.741919951850725, "FR": 6.294315915981485, "AW": 7.2, "SH": 0, "SJ": 0, "FI": 6.386084073917398, "FJ": 6.4, "FK": 0, "FM": 0, "FO": 5.9, "NI": 6.3999999999999995, "NL": 6.508969055105033, "NO": 6.431196936906916, "NA": 0, "VU": 0, "NC": 7.5, "NE": 7.357142857142857, "NF": 0, "NG": 6.437142857142858, "NZ": 6.4927135678391705, "NP": 7.738888888888892, "NR": 0, "NU": 0, "CK": 0, "CI": 6.26923076923077, "CH": 6.703223684210525, "CO": 6.429483459083028, "CN": 6.221090754154243, "CM": 6.249999999999999, "CL": 6.618738255033463, "CC": 0, "CA": 6.368835948092233, "CG": 4.785714285714286, "CF": 8.0, "CD": 7.125, "CZ": 6.537960829493062, "CY": 6.920000000000002, "CX": 0, "CR": 6.558333333333333, "PY": 6.133333333333332, "CV": 5.55, "CU": 6.750390625000011, "SZ": 8.733333333333333, "SY": 6.4655172413793105, "KG": 7.333333333333332, "KE": 7.316666666666666, "SR": 6.366666666666667, "KI": 0, "KH": 7.128124999999998, "SV": 6.800000000000001, "KM": 0, "ST": 0, "SK": 6.817905675459612, "KR": 6.317126477964903, "SI": 6.673795413553251, "KP": 5.546666666666669, "KW": 6.605882352941176, "SN": 6.955, "SM": 7.325, "SL": 8.033333333333333, "SC": 0, "KZ": 6.723841059602656, "KY": 0, "SG": 6.287835420393563, "SE": 6.396094991599511, "SD": 7.416666666666667, "DO": 6.350731707317072, "DM": 0, "DJ": 0, "DK": 6.473977050098091, "DE": 6.243178336300751, "YE": 6.65, "DZ": 6.088172043010747, "US": 6.212575001648255, "UY": 6.566423103688169, "YT": 0, "CSHH": 6.819051959890592, "UM": 0, "LB": 6.645098039215681, "LC": 5.0, "LA": 5.5625, "TV": 0, "TW": 6.229720028714991, "TT": 7.094999999999999, "TR": 6.29707384751206, "LK": 7.462871287128721, "LI": 6.738461538461531, "LV": 6.434681181959539, "TO": 8.149999999999999, "LT": 6.623855057876219, "LU": 6.380519480519478, "LR": 0, "LS": 0, "TH": 5.961217587373162, "TF": 0, "TG": 0, "TD": 0, "TC": 0, "LY": 8.35, "VA": 0, "VC": 0, "AE": 6.902439024390243, "AD": 0, "AG": 7.666666666666667, "VG": 0, "AI": 0, "VI": 7.300000000000001, "IS": 6.821412803532003, "IR": 6.188100123102167, "AM": 5.971093750000001, "AL": 6.562674094707511, "AO": 6.733333333333333, "AN": 8.8, "AQ": 0, "AS": 0, "AR": 6.47068862474275, "AU": 6.360342530922919, "AT": 6.573962342660995, "IO": 0, "IN": 6.3480310038755325, "AX": 0, "AZ": 7.372584856396876, "IE": 6.380612244897952, "ID": 6.170967741935484, "UA": 6.485558693021403, "QA": 7.100000000000001, "MZ": 5.457142857142857}